Feature Category,Salesforce,HubSpot,Jira,Asana,Trello,ClickUp,Slack,Motion,Aligned,Google Docs,NotebookLM,Airlock (Current),Airlock (Planned)
DOCUMENT INTELLIGENCE,,,,,,,,,,,,,
Reasoning-based RAG,вЭМ,вЭМ,вЭМ,вЭМ,вЭМ,вЭМ,вЭМ,вЭМ,вЭМ,вЭМ,вЬЕ,вЬЕ,вЬЕ
Contract extraction/analysis,вЪ†пЄП (Apps),вЪ†пЄП (Apps),вЭМ,вЭМ,вЭМ,вЭМ,вЭМ,вЭМ,вЪ†пЄП,вЭМ,вЪ†пЄП,вЬЕ,вЬЕ
Document hierarchy preservation,вЭМ,вЭМ,вЭМ,вЭМ,вЭМ,вЭМ,вЭМ,вЭМ,вЭМ,вЭМ,вЬЕ,вЬЕ,вЬЕ
OCR with context,вЪ†пЄП (Apps),вЪ†пЄП (Apps),вЭМ,вЭМ,вЭМ,вЭМ,вЭМ,вЭМ,вЭМ,вЭМ,вЬЕ,вЬЕ,вЬЕ
Source-grounded AI (no hallucinations),вЭМ,вЭМ,вЭМ,вЭМ,вЭМ,вЭМ,вЭМ,вЭМ,вЭМ,вЭМ,вЬЕ,вЬЕ,вЬЕ
CRM & SALES PIPELINE,,,,,,,,,,,,,
Lead/Contact management,вЬЕ,вЬЕ,вЭМ,вЭМ,вЭМ,вЭМ,вЭМ,вЭМ,вЬЕ,вЭМ,вЭМ,вЭМ,рЯЪІ
Opportunity/Deal pipeline,вЬЕ,вЬЕ,вЭМ,вЭМ,вЭМ,вЭМ,вЭМ,вЭМ,вЬЕ,вЭМ,вЭМ,вЭМ,рЯЪІ
Sales forecasting,вЬЕ,вЬЕ,вЭМ,вЭМ,вЭМ,вЭМ,вЭМ,вЭМ,вЭМ,вЭМ,вЭМ,вЭМ,рЯЪІ
Email tracking/sequences,вЬЕ,вЬЕ,вЭМ,вЭМ,вЭМ,вЭМ,вЪ†пЄП,вЭМ,вЪ†пЄП,вЭМ,вЭМ,вЭМ,рЯЪІ
Lead scoring,вЬЕ,вЬЕ,вЭМ,вЭМ,вЭМ,вЭМ,вЭМ,вЭМ,вЭМ,вЭМ,вЭМ,вЭМ,вЭМ
PROJECT & TASK MANAGEMENT,,,,,,,,,,,,,
Visual task boards (Kanban),вЭМ,вЭМ,вЬЕ,вЬЕ,вЬЕ,вЬЕ,вЭМ,вЪ†пЄП,вЭМ,вЭМ,вЭМ,вЭМ,рЯЪІ
Task dependencies,вЭМ,вЭМ,вЬЕ,вЬЕ,вЭМ,вЬЕ,вЭМ,вЪ†пЄП,вЭМ,вЭМ,вЭМ,вЭМ,рЯЪІ
Sprint/Agile management,вЭМ,вЭМ,вЬЕ,вЭМ,вЭМ,вЬЕ,вЭМ,вЭМ,вЭМ,вЭМ,вЭМ,вЭМ,вЭМ
Gantt charts/Timeline,вЭМ,вЪ†пЄП,вЬЕ,вЬЕ,вЪ†пЄП,вЬЕ,вЭМ,вЭМ,вЭМ,вЭМ,вЭМ,вЭМ,рЯЪІ
Workload/Resource management,вЪ†пЄП,вЭМ,вЪ†пЄП,вЬЕ,вЭМ,вЬЕ,вЭМ,вЬЕ,вЭМ,вЭМ,вЭМ,вЭМ,рЯЪІ
Time tracking,вЪ†пЄП,вЪ†пЄП,вЬЕ,вЪ†пЄП,вЪ†пЄП,вЬЕ,вЭМ,вЪ†пЄП,вЭМ,вЭМ,вЭМ,вЭМ,вЭМ
Automated task assignment,вЬЕ,вЬЕ,вЭМ,вЭМ,вЪ†пЄП,вЬЕ,вЭМ,вЬЕ,вЬЕ,вЭМ,вЭМ,вЭМ,рЯЪІ
COMMUNICATION & COLLABORATION,,,,,,,,,,,,,
Real-time messaging/channels,вЭМ,вЭМ,вЭМ,вЭМ,вЭМ,вЪ†пЄП,вЬЕ,вЭМ,вЪ†пЄП,вЭМ,вЭМ,вЭМ,рЯЪІ
Threaded conversations,вЭМ,вЭМ,вЬЕ,вЬЕ,вЬЕ,вЬЕ,вЬЕ,вЭМ,вЪ†пЄП,вЪ†пЄП,вЭМ,вЭМ,рЯЪІ
@mentions & notifications,вЬЕ,вЬЕ,вЬЕ,вЬЕ,вЬЕ,вЬЕ,вЬЕ,вЭМ,вЬЕ,вЭМ,вЬЕ,вЭМ,рЯЪІ
Video conferencing,вЭМ,вЪ†пЄП,вЭМ,вЭМ,вЭМ,вЪ†пЄП,вЬЕ,вЭМ,вЭМ,вЬЕ,вЬЕ,вЭМ,рЯЪІ
Screen sharing,вЭМ,вЭМ,вЭМ,вЭМ,вЭМ,вЭМ,вЬЕ,вЭМ,вЭМ,вЬЕ,вЬЕ,вЭМ,рЯЪІ
Document collaboration,вЭМ,вЭМ,вЪ†пЄП,вЪ†пЄП,вЪ†пЄП,вЬЕ,вЬЕ,вЭМ,вЬЕ,вЬЕ,вЭМ,вЭМ,рЯЪІ
CALENDAR & SCHEDULING,,,,,,,,,,,,,
Calendar integration,вЬЕ,вЬЕ,вЪ†пЄП,вЬЕ,вЬЕ,вЬЕ,вЪ†пЄП,вЬЕ,вЪ†пЄП,вЬЕ,вЬЕ,вЭМ,рЯЪІ
Meeting scheduling,вЪ†пЄП,вЬЕ,вЭМ,вЭМ,вЭМ,вЭМ,вЭМ,вЬЕ,вЪ†пЄП,вЭМ,вЬЕ,вЭМ,рЯЪІ
AI auto-scheduling,вЭМ,вЭМ,вЭМ,вЭМ,вЭМ,вЭМ,вЭМ,вЬЕ,вЭМ,вЭМ,вЭМ,вЭМ,вЭМ
Time blocking,вЭМ,вЭМ,вЭМ,вЭМ,вЭМ,вЭМ,вЭМ,вЬЕ,вЭМ,вЭМ,вЭМ,вЭМ,рЯЪІ
AI & AUTOMATION,,,,,,,,,,,,,
AI assistant/copilot,вЬЕ,вЬЕ,вЪ†пЄП,вЬЕ,вЪ†пЄП,вЬЕ,вЬЕ,вЬЕ,вЬЕ,вЭМ,вЬЕ,вЬЕ,вЬЕ
Workflow automation,вЬЕ,вЬЕ,вЬЕ,вЬЕ,вЬЕ,вЬЕ,вЬЕ,вЭМ,вЪ†пЄП,вЭМ,вЭМ,вЭМ,рЯЪІ
Predictive analytics,вЬЕ,вЬЕ,вЭМ,вЭМ,вЭМ,вЭМ,вЭМ,вЭМ,вЬЕ,вЭМ,вЭМ,вЭМ,рЯЪІ
AI content generation,вЬЕ,вЬЕ,вЭМ,вЭМ,вЭМ,вЬЕ,вЪ†пЄП,вЬЕ,вЬЕ,вЪ†пЄП,вЬЕ,вЭМ,рЯЪІ
AI meeting notes/summaries,вЭМ,вЭМ,вЭМ,вЭМ,вЭМ,вЭМ,вЬЕ,вЬЕ,вЪ†пЄП,вЭМ,вЭМ,вЭМ,рЯЪІ
Standards enforcement (AI),вЭМ,вЭМ,вЭМ,вЭМ,вЭМ,вЭМ,вЭМ,вЭМ,вЭМ,вЭМ,вЭМ,вЬЕ,вЬЕ
PERMISSIONS & ACCESS CONTROL,,,,,,,,,,,,,
Granular role-based access,вЬЕ,вЬЕ,вЬЕ,вЬЕ,вЪ†пЄП,вЬЕ,вЪ†пЄП,вЭМ,вЬЕ,вЬЕ,вЭМ,вЭМ,рЯЪІ
Channel-based permissions,вЭМ,вЭМ,вЭМ,вЭМ,вЭМ,вЭМ,вЬЕ,вЭМ,вЭМ,вЭМ,вЭМ,вЭМ,вЬЕ
External user access,вЪ†пЄП,вЬЕ,вЪ†пЄП,вЪ†пЄП,вЪ†пЄП,вЪ†пЄП,вЬЕ,вЭМ,вЬЕ,вЬЕ,вЭМ,вЭМ,рЯЪІ
INTEGRATIONS & EXTENSIBILITY,,,,,,,,,,,,,
API access,вЬЕ,вЬЕ,вЬЕ,вЬЕ,вЬЕ,вЬЕ,вЬЕ,вЭМ,вЬЕ,вЬЕ,вЭМ,вЭМ,рЯЪІ
Integration marketplace,вЬЕ,вЬЕ,вЬЕ,вЬЕ,вЬЕ,вЬЕ,вЬЕ,вЪ†пЄП,вЪ†пЄП,вЬЕ,вЭМ,вЭМ,вЭМ
Webhook support,вЬЕ,вЬЕ,вЬЕ,вЬЕ,вЬЕ,вЬЕ,вЬЕ,вЭМ,вЪ†пЄП,вЪ†пЄП,вЭМ,вЭМ,рЯЪІ
DATA & REPORTING,,,,,,,,,,,,,
Custom dashboards,вЬЕ,вЬЕ,вЬЕ,вЬЕ,вЭМ,вЬЕ,вЭМ,вЪ†пЄП,вЬЕ,вЭМ,вЭМ,вЭМ,рЯЪІ
Export capabilities (CSV/Excel),вЬЕ,вЬЕ,вЬЕ,вЬЕ,вЬЕ,вЬЕ,вЪ†пЄП,вЪ†пЄП,вЬЕ,вЭМ,вЬЕ,вЭМ,рЯЪІ
Custom reports,вЬЕ,вЬЕ,вЬЕ,вЪ†пЄП,вЭМ,вЬЕ,вЭМ,вЭМ,вЬЕ,вЭМ,вЭМ,вЭМ,рЯЪІ
Audit logs,вЬЕ,вЬЕ,вЬЕ,вЪ†пЄП,вЪ†пЄП,вЬЕ,вЬЕ,вЭМ,вЪ†пЄП,вЬЕ,вЬЕ,вЭМ,рЯЪІ
UNIQUE AIRLOCK FEATURES,,,,,,,,,,,,,
Slash commands for universal recall,вЭМ,вЭМ,вЭМ,вЭМ,вЭМ,вЭМ,вЪ†пЄП,вЭМ,вЭМ,вЭМ,вЭМ,вЭМ,вЬЕ
AI gate checking/quality control,вЭМ,вЭМ,вЭМ,вЭМ,вЭМ,вЭМ,вЭМ,вЭМ,вЭМ,вЭМ,вЭМ,вЬЕ,вЬЕ
Omni-channel routing (internal+external),вЭМ,вЭМ,вЭМ,вЭМ,вЭМ,вЭМ,вЭМ,вЭМ,вЪ†пЄП,вЭМ,вЭМ,вЭМ,вЬЕ
E-signature annotation layer,вЪ†пЄП,вЪ†пЄП,вЭМ,вЭМ,вЭМ,вЭМ,вЭМ,вЭМ,вЭМ,вЭМ,вЭМ,вЭМ,вЬЕ
ERP integration for contract execution,вЪ†пЄП,вЪ†пЄП,вЭМ,вЭМ,вЭМ,вЭМ,вЭМ,вЭМ,вЭМ,вЭМ,вЭМ,вЭМ,вЬЕ
